"organism","Limb_width","Limb_length","Observer","limb_volume"
"""Vicugna pacos""",5.82651295609496,37.5782864330577,"""Qiuhan Zhang""",1001.94593308199
"""Anolis carolinensis""",2.81582991847144,35.7597013315405,"""Qiuhan Zhang""",222.68789104203
"""Dasypus novemcinctus""",4.45567190687203,45.4992044445262,"""Qiuhan Zhang""",709.447222252462
"""Otolemur garnettii""",1.84054173939303,31.3343366464963,"""Qiuhan Zhang""",83.3684501468458
"""Pan troglodytes""",3.61691322629194,22.0636447476033,"""Qiuhan Zhang""",226.695718009852
"""Vicugna pacos""",5.10342025055166,25.1836140914834,"""Qiuhan Zhang""",515.146320569699
"""Anolis carolinensis""",4.41727075895142,38.4669907253466,"""Qiuhan Zhang""",589.503156527806
"""Dasypus novemcinctus""",4.38609375871404,44.8953336355138,"""Qiuhan Zhang""",678.339187439497
"""Otolemur garnettii""",4.05608384472999,13.4608316869768,"""Qiuhan Zhang""",173.93045097422
"""Pan troglodytes""",4.2122721831283,33.0643076180267,"""Qiuhan Zhang""",460.767847579689
"""Vicugna pacos""",5.08136425515273,31.0809502752568,"""Qiuhan Zhang""",630.296399597792
"""Anolis carolinensis""",4.97822345076895,36.3135680275688,"""Qiuhan Zhang""",706.817961272514
"""Dasypus novemcinctus""",5.22390970090829,43.0252776241129,"""Qiuhan Zhang""",922.157037956878
"""Otolemur garnettii""",3.88703307102035,36.4422795110321,"""Qiuhan Zhang""",432.446003093234
"""Pan troglodytes""",5.36127903075825,39.2013416779583,"""Qiuhan Zhang""",884.968136968344
"""Vicugna pacos""",4.44446422773573,55.2206213166058,"""Qiuhan Zhang""",856.702432923376
"""Anolis carolinensis""",4.19300428173983,37.6168555274018,"""Qiuhan Zhang""",519.425160061736
"""Dasypus novemcinctus""",6.54318958108477,30.2123215628003,"""Qiuhan Zhang""",1015.90474100561
"""Otolemur garnettii""",4.71791960790156,18.4145637462259,"""Qiuhan Zhang""",321.923283451017
"""Pan troglodytes""",6.37088324069198,35.6151071087161,"""Qiuhan Zhang""",1135.33343502391
"""Vicugna pacos""",5.35224114586248,40.3523492508985,"""Qiuhan Zhang""",907.883346656089
"""Anolis carolinensis""",3.11828920535542,48.4515513255215,"""Qiuhan Zhang""",370.024389594164
"""Dasypus novemcinctus""",3.80810542120459,28.2190996308669,"""Qiuhan Zhang""",321.403764695248
"""Otolemur garnettii""",3.6020732121904,24.4624784984357,"""Qiuhan Zhang""",249.284576762596
"""Pan troglodytes""",5.74784066568469,65.95726019851,"""Qiuhan Zhang""",1711.44099195505
"""Vicugna pacos""",2.83979950376805,26.7429742913091,"""Qiuhan Zhang""",169.384999087034
"""Anolis carolinensis""",3.84509267306875,47.3100810516865,"""Qiuhan Zhang""",549.360204941083
"""Dasypus novemcinctus""",5.13868431999016,24.7516338214913,"""Qiuhan Zhang""",513.331163719858
"""Otolemur garnettii""",5.25088273278583,39.9147045233314,"""Qiuhan Zhang""",864.34562629596
"""Pan troglodytes""",3.61479457683785,-1.20184113569572,"""Qiuhan Zhang""",-12.3340069866295
"""Vicugna pacos""",5.7117038084685,23.1405873738689,"""Qiuhan Zhang""",592.919339416057
"""Anolis carolinensis""",3.92666611338311,41.6094763644855,"""Qiuhan Zhang""",503.883434506342
"""Dasypus novemcinctus""",2.57037801282149,34.2131678572218,"""Qiuhan Zhang""",177.532212148542
"""Otolemur garnettii""",3.94365641667527,38.5590077494005,"""Qiuhan Zhang""",470.992371030177
"""Pan troglodytes""",1.66880093151197,49.0546877305602,"""Matthew Meow""",107.294994990335
"""Vicugna pacos""",3.43166650872614,20.0962155293865,"""Matthew Meow""",185.872146234938
"""Anolis carolinensis""",4.27726107093077,24.4684897021667,"""Matthew Meow""",351.583563147355
"""Dasypus novemcinctus""",3.26532615142824,43.5737349645854,"""Matthew Meow""",364.894907129991
"""Otolemur garnettii""",4.46709977342031,37.9207466856954,"""Matthew Meow""",594.316882045346
"""Pan troglodytes""",1.78515805703042,46.6571153193783,"""Matthew Meow""",116.778021818976
"""Vicugna pacos""",4.38935600482229,42.4184468340502,"""Matthew Meow""",641.86878621993
"""Anolis carolinensis""",3.69820481723188,35.2857107977513,"""Matthew Meow""",379.027456939616
"""Dasypus novemcinctus""",3.80078533086703,36.0405293482665,"""Matthew Meow""",408.909993877303
"""Otolemur garnettii""",5.2969046599788,33.1458772611557,"""Matthew Meow""",730.404955945473
"""Pan troglodytes""",6.24562595570101,25.0846590849252,"""Matthew Meow""",768.510891647611
"""Vicugna pacos""",2.73643319117235,52.8366288260739,"""Matthew Meow""",310.738224963439
"""Anolis carolinensis""",4.97190179506682,48.6184962117824,"""Matthew Meow""",943.922822935658
"""Dasypus novemcinctus""",4.22621279480303,47.3039880192037,"""Matthew Meow""",663.575523527778
"""Otolemur garnettii""",5.09117397983254,50.7329877203043,"""Matthew Meow""",1032.79992384047
"""Pan troglodytes""",4.68202481872873,26.3409536583125,"""Matthew Meow""",453.512016282792
"""Vicugna pacos""",5.01673476681711,38.4368424340472,"""Matthew Meow""",759.766019784084
"""Anolis carolinensis""",4.93069251315058,18.8929041029437,"""Matthew Meow""",360.748423213115
"""Dasypus novemcinctus""",4.31428186872148,34.5659978158608,"""Matthew Meow""",505.307810563702
"""Otolemur garnettii""",3.93696829406266,48.2286073519048,"""Matthew Meow""",587.108593675378
"""Pan troglodytes""",5.08765496288221,33.1814591657891,"""Matthew Meow""",674.560120746181
"""Vicugna pacos""",2.92511895714103,34.6974494934023,"""Matthew Meow""",233.17098025312
"""Anolis carolinensis""",2.76084399179713,37.1776863305191,"""Matthew Meow""",222.564540774366
"""Dasypus novemcinctus""",3.60764958623526,34.6209910199342,"""Matthew Meow""",353.897970272063
"""Otolemur garnettii""",4.03848978039471,37.4809714419195,"""Matthew Meow""",480.107727690628
"""Pan troglodytes""",5.83927438278149,58.3020151133576,"""Matthew Meow""",1561.31744713527
"""Vicugna pacos""",4.23816135038818,33.1574917691782,"""Matthew Meow""",467.763709748184
"""Anolis carolinensis""",4.08969024652902,27.4157794173544,"""Matthew Meow""",360.139958385214
"""Dasypus novemcinctus""",5.50376334936047,21.0784817076092,"""Matthew Meow""",501.474334050368
"""Otolemur garnettii""",5.2264241903914,32.9145906029201,"""Matthew Meow""",706.134856150348
"""Pan troglodytes""",4.43657800777782,40.4494767780121,"""Matthew Meow""",625.31526950202
"""Vicugna pacos""",4.344814998608,35.7585909785975,"""Matthew Meow""",530.167201712732
"""Anolis carolinensis""",4.74296670013524,17.6778435127686,"""Matthew Meow""",312.334039120808
"""Dasypus novemcinctus""",1.70818765644108,28.4797776888589,"""Lu Xixi""",65.2675987354685
"""Otolemur garnettii""",4.60521695797754,27.8045671921269,"""Lu Xixi""",463.133515881019
"""Pan troglodytes""",4.89911112037801,23.226843603656,"""Lu Xixi""",437.839215781972
"""Vicugna pacos""",3.2466551200064,22.8124647836558,"""Lu Xixi""",188.857574587363
"""Anolis carolinensis""",5.52001784748968,44.1294906175478,"""Lu Xixi""",1056.08715311903
"""Dasypus novemcinctus""",5.12441886973139,32.156392477571,"""Lu Xixi""",663.20294419596
"""Otolemur garnettii""",4.66285646520824,49.7745441677108,"""Lu Xixi""",849.965438614889
"""Pan troglodytes""",4.34470034299082,22.3214146801527,"""Lu Xixi""",330.92627709491
"""Vicugna pacos""",3.33136839692056,22.3963255051031,"""Lu Xixi""",195.214456146338
"""Anolis carolinensis""",4.7443182110907,55.5110421744702,"""Lu Xixi""",981.334083637246
"""Dasypus novemcinctus""",5.4018931192714,29.6456499148901,"""Lu Xixi""",679.427046587531
"""Otolemur garnettii""",4.98090365449921,32.1840427776953,"""Lu Xixi""",627.114381820147
"""Pan troglodytes""",3.21920602473996,19.6817290450947,"""Lu Xixi""",160.195633297465
"""Vicugna pacos""",4.7028769086986,22.9205954692696,"""Lu Xixi""",398.146590753926
"""Anolis carolinensis""",2.84642011796987,54.0170510164986,"""Lu Xixi""",343.731040501573
"""Dasypus novemcinctus""",5.43520757266772,24.8817259455877,"""Lu Xixi""",577.301456128548
"""Otolemur garnettii""",4.8910512369212,48.9789438254553,"""Lu Xixi""",920.245541302109
"""Pan troglodytes""",4.82983258386778,34.7010540922381,"""Lu Xixi""",635.765127783807
"""Vicugna pacos""",2.20680038690403,37.2360171143964,"""Lu Xixi""",142.422696965947
"""Anolis carolinensis""",5.04267535365001,26.9918846231857,"""Lu Xixi""",539.069932185772
"""Dasypus novemcinctus""",4.21324901097611,31.0997695147783,"""Lu Xixi""",433.592046082771
"""Otolemur garnettii""",5.10380212366346,24.1969051185102,"""Lu Xixi""",495.036657252073
"""Pan troglodytes""",4.7509565335672,49.5636624246597,"""Lu Xixi""",878.64893283101
"""Vicugna pacos""",3.50501468402445,47.5930210454715,"""Lu Xixi""",459.211587313041
"""Anolis carolinensis""",5.15380633354042,31.7485709057211,"""Lu Xixi""",662.323633844822
"""Dasypus novemcinctus""",4.00651412552845,44.6824196220846,"""Lu Xixi""",563.326161277429
"""Otolemur garnettii""",2.26042755985076,15.5187645448209,"""Lu Xixi""",62.2770758738226
"""Pan troglodytes""",3.46417210859744,26.8665863117638,"""Lu Xixi""",253.22191622224
"""Vicugna pacos""",3.47505451391755,26.3994655456565,"""Lu Xixi""",250.384972362475
"""Anolis carolinensis""",4.42308584508516,12.9303166051201,"""Lu Xixi""",198.677998913337
"""Dasypus novemcinctus""",2.17825617324778,34.6146372434492,"""Lu Xixi""",128.993424653603
"""Otolemur garnettii""",4.7170821585815,25.4900301592134,"""Lu Xixi""",445.458357846736
"""Pan troglodytes""",2.44429561416444,45.788932507435,"""Lu Xixi""",214.861130855903
